{
  "project_info": {
    "project_number": "131306069289",
    "project_id": "chatbot-a5c0b",
    "storage_bucket": "chatbot-a5c0b.appspot.com"
  },
  "client": [
    {
      "client_info": {
        "mobilesdk_app_id": "1:131306069289:android:51a9e6950c6a740016ab38",
        "android_client_info": {
          "package_name": "com.example.chat_bot"
        }
      },
      "oauth_client": [],
      "api_key": [
        {
          "current_key": "AIzaSyCQYiURgtvefqFUFSIE5IF211fNtRes2i4"
        }
      ],
      "services": {
        "appinvite_service": {
          "other_platform_oauth_client": []
        }
      }
    }
  ],
  "configuration_version": "1"
}